-- phpMyAdmin SQL Dump
-- version 5.2.1
-- https://www.phpmyadmin.net/
--
-- Host: 127.0.0.1
-- Generation Time: May 22, 2025 at 07:08 PM
-- Server version: 10.4.32-MariaDB
-- PHP Version: 8.2.12

SET SQL_MODE = "NO_AUTO_VALUE_ON_ZERO";
START TRANSACTION;
SET time_zone = "+00:00";


/*!40101 SET @OLD_CHARACTER_SET_CLIENT=@@CHARACTER_SET_CLIENT */;
/*!40101 SET @OLD_CHARACTER_SET_RESULTS=@@CHARACTER_SET_RESULTS */;
/*!40101 SET @OLD_COLLATION_CONNECTION=@@COLLATION_CONNECTION */;
/*!40101 SET NAMES utf8mb4 */;

--
-- Database: `restaurant`
--

-- --------------------------------------------------------

--
-- Table structure for table `cart`
--

CREATE TABLE `cart` (
  `id` int(11) NOT NULL,
  `user_id` int(11) NOT NULL,
  `food_id` int(11) NOT NULL,
  `quantity` int(11) NOT NULL DEFAULT 1,
  `created_at` timestamp NOT NULL DEFAULT current_timestamp()
) ENGINE=InnoDB DEFAULT CHARSET=utf8mb4 COLLATE=utf8mb4_persian_ci;

-- --------------------------------------------------------

--
-- Table structure for table `comments`
--

CREATE TABLE `comments` (
  `id` int(11) NOT NULL,
  `food_id` int(11) NOT NULL,
  `user_id` int(11) NOT NULL,
  `comment` text NOT NULL,
  `created_at` datetime DEFAULT current_timestamp()
) ENGINE=InnoDB DEFAULT CHARSET=utf8mb4 COLLATE=utf8mb4_persian_ci;

--
-- Dumping data for table `comments`
--

INSERT INTO `comments` (`id`, `food_id`, `user_id`, `comment`, `created_at`) VALUES
(1, 1, 105, 'املت بسیار خوشمزه و تازه بود', '2025-05-01 08:15:00'),
(2, 2, 110, 'پنکیک نرم و خوش‌طعم، پیشنهاد می‌کنم', '2025-05-01 09:20:00'),
(3, 3, 115, 'سالاد سزار عالی با مرغ گریل شده', '2025-05-01 10:30:00'),
(4, 4, 120, 'پیتزا مخصوص به اندازه کافی پنیر داشت', '2025-05-01 11:45:00'),
(5, 5, 125, 'پپرونی تند و خوشمزه بود', '2025-05-01 12:10:00'),
(6, 6, 130, 'همبرگر کلاسیک کیفیت گوشت عالی بود', '2025-05-01 13:00:00'),
(7, 8, 135, 'سالاد فصل تازه و خوش‌طعم', '2025-05-01 14:05:00'),
(8, 10, 140, 'سالاد یونانی بسیار خوشمزه و تازه', '2025-05-01 15:15:00'),
(9, 11, 145, 'سالاد کلم خیلی خوب بود', '2025-05-01 16:20:00'),
(10, 12, 150, 'سالاد مرغ خوشمزه و سبک', '2025-05-01 17:30:00'),
(11, 15, 155, 'پیتزا مارگاریتا ساده و خوشمزه', '2025-05-02 08:10:00'),
(12, 16, 160, 'پیتزا سبزیجات با طعم خوب', '2025-05-02 09:25:00'),
(13, 17, 165, 'پیتزا مرغ و قارچ عالی بود', '2025-05-02 10:40:00'),
(14, 18, 170, 'پیتزا استیک بسیار خوشمزه', '2025-05-02 11:50:00'),
(15, 20, 175, 'چیز برگر با پنیر عالی', '2025-05-02 12:15:00'),
(16, 21, 180, 'دوبل برگر ارزش قیمت را داشت', '2025-05-02 13:30:00'),
(17, 22, 185, 'برگر مخصوص طعم خوب و خاصی داشت', '2025-05-02 14:40:00'),
(18, 23, 190, 'برگر مرغ بسیار خوش‌طعم', '2025-05-02 15:50:00'),
(19, 24, 195, 'برگر سبزیجات تازه و خوشمزه بود', '2025-05-02 16:55:00'),
(20, 25, 200, 'ساندویچ ژامبون نرم و تازه', '2025-05-02 17:30:00'),
(21, 26, 205, 'ساندویچ مرغ خیلی خوب بود', '2025-05-03 08:05:00'),
(22, 28, 210, 'ساندویچ استیک گوشت تازه داشت', '2025-05-03 09:15:00'),
(23, 29, 215, 'ساندویچ ویژه طعم عالی', '2025-05-03 10:25:00'),
(24, 35, 220, 'لیموناد تازه و خوشمزه', '2025-05-03 11:30:00'),
(25, 37, 225, 'چایی نبات با طعم خوب', '2025-05-03 12:40:00'),
(26, 39, 230, 'چای ماسالا عالی بود', '2025-05-03 13:45:00'),
(27, 41, 235, 'قلیان دوسیب بسیار خوش‌طعم', '2025-05-03 14:50:00'),
(28, 42, 240, 'قلیان ویژه با طعم متنوع', '2025-05-03 15:55:00'),
(29, 43, 245, 'نوشابه مشکی کوچک خنک بود', '2025-05-03 16:50:00'),
(30, 44, 250, 'نوشابه نارنجی کوچیک خوشمزه', '2025-05-03 17:45:00'),
(31, 1, 255, 'املت با سبزیجات تازه', '2025-05-04 08:05:00'),
(32, 2, 260, 'پنکیک با میوه‌های تازه', '2025-05-04 09:10:00'),
(33, 3, 265, 'سالاد سزار عالی و تازه', '2025-05-04 10:20:00'),
(34, 4, 270, 'پیتزا مخصوص به موقع رسید', '2025-05-04 11:30:00'),
(35, 5, 275, 'پپرونی طعم خوبی داشت', '2025-05-04 12:40:00'),
(36, 6, 280, 'همبرگر کلاسیک فوق‌العاده بود', '2025-05-04 13:50:00'),
(37, 8, 100, 'سالاد فصل تازه و خوش‌مزه', '2025-05-04 14:55:00'),
(38, 10, 105, 'سالاد یونانی خیلی خوب', '2025-05-04 15:50:00'),
(39, 11, 110, 'سالاد کلم تازه و خوشمزه', '2025-05-04 16:45:00'),
(40, 12, 115, 'سالاد مرغ لذیذ و تازه', '2025-05-04 17:40:00'),
(41, 15, 120, 'پیتزا مارگاریتا خوشمزه و ساده بود', '2025-05-05 08:10:00'),
(42, 16, 125, 'پیتزا سبزیجات تازه و عالی', '2025-05-05 09:15:00'),
(43, 17, 130, 'پیتزا مرغ و قارچ بسیار لذیذ', '2025-05-05 10:20:00'),
(44, 18, 135, 'پیتزا استیک با گوشت تازه', '2025-05-05 11:25:00'),
(45, 20, 140, 'چیز برگر خوشمزه و خوب', '2025-05-05 12:30:00'),
(46, 21, 145, 'دوبل برگر طعم خوبی داشت', '2025-05-05 13:35:00'),
(47, 22, 150, 'برگر مخصوص بسیار خوشمزه', '2025-05-05 14:40:00'),
(48, 23, 155, 'برگر مرغ تازه و نرم', '2025-05-05 15:45:00'),
(49, 24, 160, 'برگر سبزیجات عالی و خوشمزه', '2025-05-05 16:50:00'),
(50, 25, 165, 'ساندویچ ژامبون تازه و خوش‌طعم', '2025-05-05 17:55:00'),
(51, 26, 170, 'ساندویچ مرغ خوب بود', '2025-05-06 08:00:00'),
(52, 28, 175, 'ساندویچ استیک گوشت با کیفیت', '2025-05-06 09:05:00'),
(53, 29, 180, 'ساندویچ ویژه بسیار خوشمزه', '2025-05-06 10:10:00'),
(54, 35, 185, 'لیموناد خنک و تازه', '2025-05-06 11:15:00'),
(55, 37, 190, 'چایی نبات طعم خوبی داشت', '2025-05-06 12:20:00'),
(56, 39, 195, 'چای ماسالا عالی و خوش‌عطر', '2025-05-06 13:25:00'),
(57, 41, 200, 'قلیان دوسیب خوب بود', '2025-05-06 14:30:00'),
(58, 42, 205, 'قلیان ویژه خوش‌طعم', '2025-05-06 15:35:00'),
(59, 43, 210, 'نوشابه مشکی تازه و خنک', '2025-05-06 16:40:00'),
(60, 44, 215, 'نوشابه نارنجی خوشمزه', '2025-05-06 17:45:00'),
(61, 1, 220, 'املت با طعم بی‌نظیر', '2025-05-07 08:00:00'),
(62, 2, 225, 'پنکیک با سس میوه‌ای عالی', '2025-05-07 09:05:00'),
(63, 3, 230, 'سالاد سزار بسیار خوشمزه', '2025-05-07 10:10:00'),
(64, 4, 235, 'پیتزا مخصوص عالی بود', '2025-05-07 11:15:00'),
(65, 5, 240, 'پپرونی تند و لذیذ', '2025-05-07 12:20:00'),
(66, 6, 245, 'همبرگر کلاسیک با گوشت تازه', '2025-05-07 13:25:00'),
(67, 8, 250, 'سالاد فصل خیلی خوب', '2025-05-07 14:30:00'),
(68, 10, 255, 'سالاد یونانی تازه و خوشمزه', '2025-05-07 15:35:00'),
(69, 11, 260, 'سالاد کلم عالی بود', '2025-05-07 16:40:00'),
(70, 12, 265, 'سالاد مرغ خوش‌طعم', '2025-05-07 17:45:00'),
(71, 15, 270, 'پیتزا مارگاریتا ساده و خوشمزه', '2025-05-08 08:00:00'),
(72, 16, 275, 'پیتزا سبزیجات بسیار خوب', '2025-05-08 09:05:00'),
(73, 17, 280, 'پیتزا مرغ و قارچ عالی', '2025-05-08 10:10:00'),
(74, 18, 100, 'پیتزا استیک خوشمزه', '2025-05-08 11:15:00'),
(75, 20, 105, 'چیز برگر طعم عالی داشت', '2025-05-08 12:20:00'),
(76, 21, 110, 'دوبل برگر خیلی خوب', '2025-05-08 13:25:00'),
(77, 22, 115, 'برگر مخصوص تازه و خوشمزه', '2025-05-08 14:30:00'),
(78, 23, 120, 'برگر مرغ لذیذ بود', '2025-05-08 15:35:00'),
(79, 24, 125, 'برگر سبزیجات عالی', '2025-05-08 16:40:00'),
(80, 25, 130, 'ساندویچ ژامبون خوشمزه و تازه', '2025-05-08 17:45:00'),
(81, 26, 135, 'ساندویچ مرغ خوشمزه و نرم', '2025-05-09 08:00:00'),
(82, 28, 140, 'ساندویچ استیک گوشت باکیفیت', '2025-05-09 09:05:00'),
(83, 29, 145, 'ساندویچ ویژه عالی بود', '2025-05-09 10:10:00'),
(84, 35, 150, 'لیموناد تازه و خنک', '2025-05-09 11:15:00'),
(85, 37, 155, 'چایی نبات طعم دلپذیر', '2025-05-09 12:20:00'),
(86, 39, 160, 'چای ماسالا خوش‌عطر و خوش‌طعم', '2025-05-09 13:25:00'),
(87, 41, 165, 'قلیان دوسیب بسیار خوب', '2025-05-09 14:30:00'),
(88, 42, 170, 'قلیان ویژه لذت‌بخش', '2025-05-09 15:35:00'),
(89, 43, 175, 'نوشابه مشکی تازه و خنک', '2025-05-09 16:40:00'),
(90, 44, 180, 'نوشابه نارنجی خوشمزه', '2025-05-09 17:45:00'),
(91, 1, 185, 'املت خوشمزه و تازه', '2025-05-10 08:00:00'),
(92, 2, 190, 'پنکیک با سس میوه‌ای عالی', '2025-05-10 09:05:00'),
(93, 3, 195, 'سالاد سزار بسیار خوب', '2025-05-10 10:10:00'),
(94, 4, 200, 'پیتزا مخصوص لذیذ بود', '2025-05-10 11:15:00'),
(95, 5, 205, 'پپرونی خوشمزه و تند', '2025-05-10 12:20:00'),
(96, 6, 210, 'همبرگر کلاسیک با گوشت تازه', '2025-05-10 13:25:00'),
(97, 8, 215, 'سالاد فصل عالی و تازه', '2025-05-10 14:30:00'),
(98, 10, 220, 'سالاد یونانی خوش‌طعم', '2025-05-10 15:35:00'),
(99, 11, 225, 'سالاد کلم تازه و خوب', '2025-05-10 16:40:00'),
(100, 12, 230, 'سالاد مرغ خوشمزه', '2025-05-10 17:45:00'),
(101, 15, 235, 'پیتزا مارگاریتا ساده و خوشمزه', '2025-05-11 08:00:00'),
(102, 16, 240, 'پیتزا سبزیجات بسیار خوب', '2025-05-11 09:05:00'),
(103, 17, 245, 'پیتزا مرغ و قارچ عالی', '2025-05-11 10:10:00'),
(104, 18, 250, 'پیتزا استیک خوشمزه', '2025-05-11 11:15:00'),
(105, 20, 255, 'چیز برگر طعم عالی داشت', '2025-05-11 12:20:00'),
(106, 21, 260, 'دوبل برگر بسیار خوب', '2025-05-11 13:25:00'),
(107, 22, 265, 'برگر مخصوص تازه و خوشمزه', '2025-05-11 14:30:00'),
(108, 23, 270, 'برگر مرغ لذیذ بود', '2025-05-11 15:35:00'),
(109, 24, 275, 'برگر سبزیجات عالی', '2025-05-11 16:40:00'),
(110, 25, 280, 'ساندویچ ژامبون خوشمزه و تازه', '2025-05-11 17:45:00'),
(111, 26, 100, 'ساندویچ مرغ تازه و نرم', '2025-05-12 08:00:00'),
(112, 28, 105, 'ساندویچ استیک گوشت با کیفیت', '2025-05-12 09:05:00'),
(113, 29, 110, 'ساندویچ ویژه عالی', '2025-05-12 10:10:00'),
(114, 35, 115, 'لیموناد خنک و تازه', '2025-05-12 11:15:00'),
(115, 37, 120, 'چایی نبات طعم خوب داشت', '2025-05-12 12:20:00'),
(116, 39, 125, 'چای ماسالا خوش‌عطر', '2025-05-12 13:25:00'),
(117, 41, 130, 'قلیان دوسیب خوب بود', '2025-05-12 14:30:00'),
(118, 42, 135, 'قلیان ویژه لذت‌بخش', '2025-05-12 15:35:00'),
(119, 43, 140, 'نوشابه مشکی تازه و خنک', '2025-05-12 16:40:00'),
(120, 44, 145, 'نوشابه نارنجی خوشمزه', '2025-05-12 17:45:00'),
(121, 1, 150, 'املت خیلی خوشمزه و تازه بود', '2025-05-13 08:00:00'),
(122, 2, 155, 'پنکیک با سس توت‌فرنگی عالی', '2025-05-13 09:05:00'),
(123, 3, 160, 'سالاد سزار بسیار خوش‌طعم', '2025-05-13 10:10:00'),
(124, 4, 165, 'پیتزا مخصوص فوق‌العاده بود', '2025-05-13 11:15:00'),
(125, 5, 170, 'پپرونی تند و خوشمزه', '2025-05-13 12:20:00'),
(126, 6, 175, 'همبرگر کلاسیک عالی', '2025-05-13 13:25:00'),
(127, 8, 180, 'سالاد فصل بسیار تازه', '2025-05-13 14:30:00'),
(128, 10, 185, 'سالاد یونانی خوشمزه', '2025-05-13 15:35:00'),
(129, 11, 190, 'سالاد کلم با سس خوش‌طعم', '2025-05-13 16:40:00'),
(130, 12, 195, 'سالاد مرغ تازه و خوشمزه', '2025-05-13 17:45:00'),
(131, 15, 200, 'پیتزا مارگاریتا ساده و خوشمزه', '2025-05-14 08:00:00'),
(132, 16, 205, 'پیتزا سبزیجات عالی بود', '2025-05-14 09:05:00'),
(133, 17, 210, 'پیتزا مرغ و قارچ خوشمزه', '2025-05-14 10:10:00'),
(134, 18, 215, 'پیتزا استیک بسیار خوب', '2025-05-14 11:15:00'),
(135, 20, 220, 'چیز برگر با طعم عالی', '2025-05-14 12:20:00'),
(136, 21, 225, 'دوبل برگر لذیذ بود', '2025-05-14 13:25:00'),
(137, 22, 230, 'برگر مخصوص تازه و خوشمزه', '2025-05-14 14:30:00'),
(138, 23, 235, 'برگر مرغ طعم خوبی داشت', '2025-05-14 15:35:00'),
(139, 24, 240, 'برگر سبزیجات خوشمزه', '2025-05-14 16:40:00'),
(140, 25, 245, 'ساندویچ ژامبون تازه و نرم', '2025-05-14 17:45:00'),
(141, 26, 250, 'ساندویچ مرغ خوشمزه و نرم', '2025-05-15 08:00:00'),
(142, 28, 255, 'ساندویچ استیک گوشت باکیفیت', '2025-05-15 09:05:00'),
(143, 29, 260, 'ساندویچ ویژه عالی بود', '2025-05-15 10:10:00'),
(144, 35, 265, 'لیموناد تازه و خنک', '2025-05-15 11:15:00'),
(145, 37, 270, 'چایی نبات طعم دلپذیر', '2025-05-15 12:20:00'),
(146, 39, 275, 'چای ماسالا خوش‌عطر و خوش‌طعم', '2025-05-15 13:25:00'),
(147, 41, 280, 'قلیان دوسیب بسیار خوب', '2025-05-15 14:30:00'),
(149, 2, 105, 'پنکیک نرم و سبک بود', '2025-05-14 12:40:00'),
(150, 3, 110, 'سالاد سزار با مرغ خیلی خوش طعم', '2025-05-14 13:00:00'),
(151, 4, 115, 'پیتزا مخصوص با مواد تازه', '2025-05-14 13:20:00'),
(153, 6, 125, 'همبرگر کلاسیک با گوشت تازه', '2025-05-14 14:00:00'),
(155, 10, 135, 'سالاد یونانی بسیار لذیذ', '2025-05-14 14:40:00'),
(158, 15, 150, 'پیتزا مارگاریتا ساده و خوش طعم', '2025-05-14 15:40:00'),
(160, 17, 160, 'پیتزا مرغ و قارچ عالی بود', '2025-05-14 16:20:00'),
(161, 18, 165, 'پیتزا استیک گوشت بسیار خوب', '2025-05-14 16:40:00'),
(163, 21, 175, 'دوبل برگر دو طبقه لذیذ', '2025-05-14 17:20:00'),
(166, 24, 190, 'برگر سبزیجات با قارچ و پنیر', '2025-05-14 18:20:00'),
(167, 25, 195, 'ساندویچ ژامبون با پنیر', '2025-05-14 18:40:00'),
(168, 26, 200, 'ساندویچ مرغ گریل شده', '2025-05-14 19:00:00'),
(169, 28, 205, 'ساندویچ استیک با گوشت تازه', '2025-05-14 19:20:00'),
(170, 29, 210, 'ساندویچ ویژه با سس مخصوص', '2025-05-14 19:40:00'),
(171, 35, 215, 'لیموناد تازه و خنک', '2025-05-14 20:00:00'),
(172, 37, 220, 'چایی نبات با طعم خاص', '2025-05-14 20:20:00'),
(173, 39, 225, 'چای ماسالا با ادویه های معطر', '2025-05-14 20:40:00'),
(174, 41, 230, 'قلیان دوسیب با طعم عالی', '2025-05-14 21:00:00'),
(175, 42, 235, 'قلیان ویژه با طعم متنوع', '2025-05-14 21:20:00'),
(176, 43, 240, 'نوشابه مشکی کوچک سرد', '2025-05-14 21:40:00'),
(177, 44, 245, 'نوشابه نارنجی کوچیک', '2025-05-14 22:00:00'),
(178, 1, 250, 'املت با تخم مرغ تازه', '2025-05-14 22:20:00'),
(179, 2, 255, 'پنکیک خوشمزه و سبک', '2025-05-14 22:40:00'),
(180, 3, 260, 'سالاد سزار با سس خوش طعم', '2025-05-14 23:00:00'),
(181, 4, 265, 'پیتزا مخصوص با مواد تازه', '2025-05-14 23:20:00'),
(182, 5, 270, 'پیتزا پپرونی با طعم عالی', '2025-05-14 23:40:00'),
(185, 1, 23, 'dscasd', '2025-05-22 18:37:39'),
(186, 1, 23, 'ikljo;', '2025-05-22 18:38:11'),
(187, 1, 23, 'o;loui;iop\'pio', '2025-05-22 18:38:15'),
(188, 1, 23, 'uikluil', '2025-05-22 18:38:46'),
(189, 3, 23, 'تست سالاد سزار', '2025-05-22 19:00:24'),
(190, 4, 23, 'سضشی', '2025-05-22 20:27:35');

-- --------------------------------------------------------

--
-- Table structure for table `foods`
--

CREATE TABLE `foods` (
  `id` int(11) NOT NULL,
  `name` varchar(255) NOT NULL,
  `price` int(11) NOT NULL,
  `category` varchar(100) NOT NULL,
  `image` varchar(255) NOT NULL,
  `mini_description` text NOT NULL,
  `description` text NOT NULL,
  `rate` decimal(3,2) NOT NULL DEFAULT 0.00
) ENGINE=InnoDB DEFAULT CHARSET=utf8mb4 COLLATE=utf8mb4_persian_ci;

--
-- Dumping data for table `foods`
--

INSERT INTO `foods` (`id`, `name`, `price`, `category`, `image`, `mini_description`, `description`, `rate`) VALUES
(1, 'املت', 80000, 'صبحانه', '/image/املت.jpg', 'تخم مرغ و رب و گوجه', 'املت خوشمزه با تخم مرغ، گوجه فرنگی و کمی ادویه', 4.50),
(2, 'پنکیک', 90000, 'صبحانه', '/image/پنکیک.jpg', 'پانکیک نرم و خوشمزه', 'پانکیک سبک و نرم با شربت افرا و میوه های تازه', 4.70),
(3, 'سالاد سزار', 110000, 'سالاد', '/image/سالادسزار.jpg', 'سالاد سزار کلاسیک', 'سالاد سزار با مرغ گریل شده، سس سزار و پنیر پارمزان', 4.80),
(4, 'پیتزا مخصوص', 150000, 'پیتزا', '/image/پیتزامخصوص.jpg', 'پیتزا با ترکیب ویژه مواد', 'پیتزا با سس مخصوص، پنیر و مواد تازه از جمله فلفل دلمه ای و زیتون', 4.60),
(5, 'پپرونی', 140000, 'پیتزا', '/image/پیتزاپپرونی.jpeg', 'پیتزا پپرونی با طعم تند', 'پیتزا پپرونی با سوسیس پپرونی، پنیر و سبزیجات', 4.40),
(6, 'همبرگر کلاسیک', 120000, 'برگر', '/image/همبرگرکلاسیک.jpeg', 'برگر کلاسیک با گوشت تازه', 'همبرگر کلاسیک با گوشت تازه، پنیر چدار و سبزیجات', 4.30),
(8, 'سالاد فصل', 90000, 'سالاد', '/image/سالادفصل.jpeg', 'سالاد فصل تازه', 'سالاد فصل با انواع سبزیجات تازه و سس سبک', 4.20),
(10, 'سالاد یونانی', 100000, 'سالاد', '/image/سالادیونانی.jpg', 'سالاد یونانی خوشمزه', 'سالاد یونانی با زیتون، پنیر فتا و سبزیجات تازه', 4.70),
(11, 'سالاد کلم', 85000, 'سالاد', '/image/سالادکلم.jpg', 'سالاد کلم تازه', 'سالاد کلم با سس مایونز و سبزیجات تازه', 4.30),
(12, 'سالاد مرغ', 120000, 'سالاد', '/image/سالادمرغ.jpeg', 'سالاد مرغ گریل شده', 'سالاد مرغ گریل شده با سبزیجات تازه و سس مخصوص', 4.60),
(15, 'پیتزا مارگاریتا', 135000, 'پیتزا', '/image/پیتزامارگاریتا.jpeg', 'پیتزا مارگاریتا ساده', 'پیتزا مارگاریتا با پنیر موتزارلا، گوجه فرنگی و ریحان تازه', 4.50),
(16, 'پیتزا سبزیجات', 125000, 'پیتزا', '/image/پیتزاسبزیجات.jpg', 'پیتزا سبزیجات ویژه', 'پیتزا با سبزیجات تازه، گوجه، فلفل دلمه ای و قارچ', 4.30),
(17, 'پیتزا مرغ و قارچ', 145000, 'پیتزا', '/image/پیتزامرغ وقارچ.jpeg', 'پیتزا مرغ و قارچ', 'پیتزا با مرغ گریل شده و قارچ تازه', 4.60),
(18, 'پیتزا استیک', 160000, 'پیتزا', '/image/پیتزا استیک.jpeg', 'پیتزا استیک گوشت', 'پیتزا با گوشت استیک و پنیر مخصوص', 4.80),
(20, 'چیز برگر', 130000, 'برگر', '/image/چیز برگر.jpg', 'چیز برگر', 'چیز برگر با پنیر چدار، گوشت تازه و سبزیجات', 4.50),
(21, 'دوبل برگر', 150000, 'برگر', '/image/دوبل برگر.jpg', 'دوبل برگر لذیذ', 'دوبل برگر با دو عدد گوشت و پنیر مخصوص', 4.70),
(22, 'برگر مخصوص', 140000, 'برگر', '/image/برگر ویژه.jpg', 'برگر مخصوص با طعم ویژه', 'برگر مخصوص با گوشت تازه، پنیر و سس مخصوص', 4.60),
(23, 'برگر مرغ', 110000, 'برگر', '/image/برگر فیله مرغ.jpeg', 'برگر مرغ گریل شده', 'برگر مرغ گریل شده با سس مخصوص و سبزیجات تازه', 4.20),
(24, 'برگر سبزیجات', 100000, 'برگر', '/image/برگر سبزیجات.jpeg', 'برگر سبزیجات', 'برگر سبزیجات با قارچ و پنیر مخصوص', 4.40),
(25, 'ساندویچ ژامبون', 100000, 'ساندویچ', '/image/ساندویچ ژامبون.jpg', 'ساندویچ ژامبون', 'ساندویچ ژامبون با پنیر و سبزیجات', 4.20),
(26, 'ساندویچ مرغ', 110000, 'ساندویچ', '/image/ساندویچمرغ.jpg', 'ساندویچ مرغ', 'ساندویچ مرغ گریل شده با سبزیجات تازه', 4.30),
(28, 'ساندویچ استیک', 130000, 'ساندویچ', '/image/ساندویچاستیک.jpg', 'ساندویچ استیک', 'ساندویچ استیک با گوشت استیک و سبزیجات', 4.60),
(29, 'ساندویچ ویژه', 140000, 'ساندویچ', '/image/ساندویچویژه.jpeg', 'ساندویچ ویژه', 'ساندویچ ویژه با مواد تازه و سس مخصوص', 4.40),
(35, 'لیموناد', 75000, 'نوشیدنی', '/image/limonad.jpg', 'لیموناد تازه', 'لیموناد با طعم لیمو و شکر تازه', 4.50),
(37, 'چایی نبات', 50000, 'چای و قلیون', '/image/چایینبات.jpeg', 'چای به همراه نبات', '', 4.30),
(39, 'چای ماسالا', 55000, 'چای و قلیون', '/image/چایی ماسالا.jpeg', 'چای ماسالا', 'چای ماسالا با ادویه های خوشبو', 4.40),
(41, 'قلیان دوسیب', 150000, 'چای و قلیون', '/image/قلیوندوسیب.jpg', 'قلیان دوسیب', 'قلیان با طعم سیب و تنباکو ویژه', 4.50),
(42, 'قلیان ویژه', 200000, 'چای و قلیون', '/image/قلیوندوسیب.jpg', 'قلیان ویژه', 'قلیان با طعم های متنوع و جدید', 4.70),
(43, 'نوشابه مشکی کوچک', 20000, 'نوشیدنی', '/image/نوشابه مشکی.jpg', 'کوچیک', 'تک نفره', 5.00),
(44, 'نوشابه نارنجی کوچیک', 20000, 'نوشیدنی', '/image/نوشابه نارنجی.jpg', 'نارنجی', 'کوچیک', 5.00);

-- --------------------------------------------------------

--
-- Table structure for table `orders`
--

CREATE TABLE `orders` (
  `id` int(11) NOT NULL,
  `user_id` int(11) NOT NULL,
  `order_date` datetime DEFAULT current_timestamp(),
  `status` varchar(50) DEFAULT 'pending',
  `total_price` int(20) NOT NULL
) ENGINE=InnoDB DEFAULT CHARSET=utf8mb4 COLLATE=utf8mb4_persian_ci;

--
-- Dumping data for table `orders`
--

INSERT INTO `orders` (`id`, `user_id`, `order_date`, `status`, `total_price`) VALUES
(1, 23, '2025-05-22 16:32:11', 'pending', 535000),
(2, 23, '2025-05-22 16:35:03', 'pending', 540000);

-- --------------------------------------------------------

--
-- Table structure for table `order_items`
--

CREATE TABLE `order_items` (
  `id` int(11) NOT NULL,
  `order_id` int(11) NOT NULL,
  `food_id` int(11) NOT NULL,
  `quantity` int(11) NOT NULL,
  `price` int(20) NOT NULL
) ENGINE=InnoDB DEFAULT CHARSET=utf8mb4 COLLATE=utf8mb4_persian_ci;

--
-- Dumping data for table `order_items`
--

INSERT INTO `order_items` (`id`, `order_id`, `food_id`, `quantity`, `price`) VALUES
(1, 1, 15, 1, 135000),
(2, 1, 12, 2, 120000),
(3, 1, 18, 1, 160000),
(4, 2, 10, 2, 100000),
(5, 2, 15, 1, 135000),
(6, 2, 12, 1, 120000),
(7, 2, 11, 1, 85000);

-- --------------------------------------------------------

--
-- Table structure for table `users`
--

CREATE TABLE `users` (
  `id` int(11) NOT NULL,
  `name` varchar(100) NOT NULL,
  `email` varchar(255) NOT NULL,
  `password` varchar(255) NOT NULL,
  `phone` varchar(15) NOT NULL,
  `address` text NOT NULL,
  `created_at` timestamp NOT NULL DEFAULT current_timestamp()
) ENGINE=InnoDB DEFAULT CHARSET=utf8mb4 COLLATE=utf8mb4_persian_ci;

--
-- Dumping data for table `users`
--

INSERT INTO `users` (`id`, `name`, `email`, `password`, `phone`, `address`, `created_at`) VALUES
(24, 'asda', 'imansadeghi383@gmail.com', '$2y$10$YHSdgTR1OrmzvTqJXKikkenYozuPLlLfWft/M3wGqd7rg.hM4Y176', '09102546554', 'asdfsd', '2025-05-10 17:57:15'),
(25, 'asda', 'imansaeghi383@gmail.com', '$2y$10$pXxQgCuvfmRHNVDYYEof6.4f92dpV/EvBeWjuLzE/pHV8YPzwuTrO', '09104546554', 'asdfsd', '2025-05-10 17:57:56'),
(23, 'iman', 'imansadeghi1383@gmail.com', '$2y$10$4ePJRwdMaY6.LS4Tgu38Xu34j/ZOnHIvykTdkTub0CDCha83o81ne', '09108070115', 'asdfsd@gmail.com', '2025-05-10 16:44:09'),
(27, 'as', 'imansadeghi13383@gmail.com', '$2y$10$CpXQiUsLVkQvkjHZdVsdpOmuwZqSZRsqkvqZ5FquYiUNjiLiECmCG', '09108650115', 'asdfsd@gmail.com', '2025-05-11 12:20:58'),
(100, 'مهدی رضایی', 'user100@example.com', 'hashed_password', '09120001000', 'تهران', '2025-05-22 14:19:15'),
(101, 'سارا محمدی', 'user101@example.com', 'hashed_password', '09120001001', 'اصفهان', '2025-05-22 14:19:15'),
(102, 'علی احمدی', 'user102@example.com', 'hashed_password', '09120001002', 'شیراز', '2025-05-22 14:19:15'),
(103, 'نرگس حسینی', 'user103@example.com', 'hashed_password', '09120001003', 'تبریز', '2025-05-22 14:19:15'),
(104, 'رضا کریمی', 'user104@example.com', 'hashed_password', '09120001004', 'کرج', '2025-05-22 14:19:15'),
(105, 'مهسا موسوی', 'user105@example.com', 'hashed_password', '09120001005', 'قم', '2025-05-22 14:19:15'),
(106, 'امیر علیپور', 'user106@example.com', 'hashed_password', '09120001006', 'کرمانشاه', '2025-05-22 14:19:15'),
(107, 'الهام سلطانی', 'user107@example.com', 'hashed_password', '09120001007', 'ارومیه', '2025-05-22 14:19:15'),
(108, 'حسن زمانی', 'user108@example.com', 'hashed_password', '09120001008', 'زنجان', '2025-05-22 14:19:15'),
(109, 'مریم نوری', 'user109@example.com', 'hashed_password', '09120001009', 'بوشهر', '2025-05-22 14:19:15'),
(110, 'حسین محمودی', 'user110@example.com', 'hashed_password', '09120001010', 'رشت', '2025-05-22 14:19:15'),
(111, 'نازنین رضوی', 'user111@example.com', 'hashed_password', '09120001011', 'کرمان', '2025-05-22 14:19:15'),
(112, 'امید شریفی', 'user112@example.com', 'hashed_password', '09120001012', 'اراک', '2025-05-22 14:19:15'),
(113, 'لیلا باقری', 'user113@example.com', 'hashed_password', '09120001013', 'یاسوج', '2025-05-22 14:19:15'),
(114, 'بهرام قاسمی', 'user114@example.com', 'hashed_password', '09120001014', 'شهرکرد', '2025-05-22 14:19:15'),
(115, 'فاطمه صادقی', 'user115@example.com', 'hashed_password', '09120001015', 'سنندج', '2025-05-22 14:19:15'),
(116, 'شهره جهانگیری', 'user116@example.com', 'hashed_password', '09120001016', 'سنندج', '2025-05-22 14:19:15'),
(117, 'سینا عباسی', 'user117@example.com', 'hashed_password', '09120001017', 'زاهدان', '2025-05-22 14:19:15'),
(118, 'مریم ملکی', 'user118@example.com', 'hashed_password', '09120001018', 'بندرعباس', '2025-05-22 14:19:15'),
(119, 'امیرحسین نادری', 'user119@example.com', 'hashed_password', '09120001019', 'خرم‌آباد', '2025-05-22 14:19:15'),
(120, 'سمیه زارع', 'user120@example.com', 'hashed_password', '09120001020', 'ایلام', '2025-05-22 14:19:15'),
(121, 'راضیه جعفری', 'razieh.jafari121@example.com', 'pass121', '0912000121', 'تهران، خیابان ولیعصر', '2025-05-22 06:30:00'),
(122, 'کامران محمدی', 'kamran.mohammadi122@example.com', 'pass122', '0912000122', 'اصفهان، خیابان چهارباغ', '2025-05-22 06:35:00'),
(123, 'مینا رضایی', 'mina.rezaei123@example.com', 'pass123', '0912000123', 'مشهد، بلوار توس', '2025-05-22 06:40:00'),
(124, 'بابک کریمی', 'babak.karimi124@example.com', 'pass124', '0912000124', 'شیراز، کوچه باغ', '2025-05-22 06:45:00'),
(125, 'سارا احمدی', 'sara.ahmadi125@example.com', 'pass125', '0912000125', 'کرج، میدان آزادگان', '2025-05-22 06:50:00'),
(126, 'فرهاد نادری', 'farhad.naderi126@example.com', 'pass126', '0912000126', 'تبریز، خیابان امام', '2025-05-22 06:55:00'),
(127, 'لیلا موسوی', 'lila.mousavi127@example.com', 'pass127', '0912000127', 'رشت، خیابان امام خمینی', '2025-05-22 07:00:00'),
(128, 'امیرحسین حسینی', 'amirhossein.hosseini128@example.com', 'pass128', '0912000128', 'اهواز، بلوار ساحلی', '2025-05-22 07:05:00'),
(129, 'مریم سلطانی', 'maryam.soltani129@example.com', 'pass129', '0912000129', 'ارومیه، خیابان آزادی', '2025-05-22 07:10:00'),
(130, 'علی رستمی', 'ali.rastami130@example.com', 'pass130', '0912000130', 'کرمان، کوچه باغ', '2025-05-22 07:15:00'),
(131, 'زهرا کریمی', 'zahra.karimi131@example.com', 'pass131', '0912000131', 'یزد، خیابان شهید بهشتی', '2025-05-22 07:20:00'),
(132, 'سعید کاظمی', 'saeed.kazemi132@example.com', 'pass132', '0912000132', 'قم، خیابان آیت الله بروجردی', '2025-05-22 07:25:00'),
(133, 'فاطمه جعفری', 'fatemeh.jafari133@example.com', 'pass133', '0912000133', 'همدان، خیابان انقلاب', '2025-05-22 07:30:00'),
(134, 'حسین صادقی', 'hossein.sadeghi134@example.com', 'pass134', '0912000134', 'بندرعباس، بلوار ساحلی', '2025-05-22 07:35:00'),
(135, 'مهسا رضایی', 'mahsa.rezaei135@example.com', 'pass135', '0912000135', 'زاهدان، خیابان آزادی', '2025-05-22 07:40:00'),
(136, 'امید مرادی', 'omid.moradi136@example.com', 'pass136', '0912000136', 'کرمانشاه، خیابان طالقانی', '2025-05-22 07:45:00'),
(137, 'نگین بابایی', 'negin.babaei137@example.com', 'pass137', '0912000137', 'ساری، خیابان شهید رجایی', '2025-05-22 07:50:00'),
(138, 'مهدی احمدی', 'mahdi.ahmadi138@example.com', 'pass138', '0912000138', 'اراک، خیابان طالقانی', '2025-05-22 07:55:00'),
(139, 'ندا رضایی', 'neda.rezaei139@example.com', 'pass139', '0912000139', 'خرم‌آباد، بلوار شهید بهشتی', '2025-05-22 08:00:00'),
(140, 'رضا موسوی', 'reza.mousavi140@example.com', 'pass140', '0912000140', 'شهرکرد، خیابان انقلاب', '2025-05-22 08:05:00'),
(141, 'سحر کریمی', 'sahar.karimi141@example.com', 'pass141', '0912000141', 'قزوین، خیابان سعدی', '2025-05-22 08:10:00'),
(142, 'امیر طاهری', 'amir.taheri142@example.com', 'pass142', '0912000142', 'بوشهر، خیابان حافظ', '2025-05-22 08:15:00'),
(143, 'سپیده رضایی', 'sepideh.rezaei143@example.com', 'pass143', '0912000143', 'خرمشهر، بلوار امام خمینی', '2025-05-22 08:20:00'),
(144, 'مژگان احمدی', 'mozghan.ahmadi144@example.com', 'pass144', '0912000144', 'سمنان، خیابان انقلاب', '2025-05-22 08:25:00'),
(145, 'کاوه نادری', 'kaveh.naderi145@example.com', 'pass145', '0912000145', 'دزفول، خیابان طالقانی', '2025-05-22 08:30:00'),
(146, 'آزاده موسوی', 'azadeh.mousavi146@example.com', 'pass146', '0912000146', 'ملایر، کوچه باغ', '2025-05-22 08:35:00'),
(147, 'پرویز حسینی', 'parviz.hosseini147@example.com', 'pass147', '0912000147', 'شاهرود، خیابان شهید بهشتی', '2025-05-22 08:40:00'),
(148, 'لیلا رضایی', 'lila.rezaei148@example.com', 'pass148', '0912000148', 'آمل، بلوار امام', '2025-05-22 08:45:00'),
(149, 'حسن کاظمی', 'hasan.kazemi149@example.com', 'pass149', '0912000149', 'بیرجند، خیابان انقلاب', '2025-05-22 08:50:00'),
(150, 'فریده مرادی', 'farideh.moradi150@example.com', 'pass150', '0912000150', 'یزد، خیابان ولیعصر', '2025-05-22 08:55:00'),
(151, 'بهزاد صادقی', 'behzad.sadeghi151@example.com', 'pass151', '0912000151', 'رشت، بلوار انقلاب', '2025-05-22 09:00:00'),
(152, 'مهناز کریمی', 'mahnaz.karimi152@example.com', 'pass152', '0912000152', 'زنجان، خیابان سعدی', '2025-05-22 09:05:00'),
(153, 'نوید احمدی', 'navid.ahmadi153@example.com', 'pass153', '0912000153', 'ایلام، خیابان طالقانی', '2025-05-22 09:10:00'),
(154, 'سارا رضایی', 'sara.rezaei154@example.com', 'pass154', '0912000154', 'خرمدره، خیابان انقلاب', '2025-05-22 09:15:00'),
(155, 'میلاد موسوی', 'milad.mousavi155@example.com', 'pass155', '0912000155', 'اسلامشهر، خیابان امام خمینی', '2025-05-22 09:20:00'),
(156, 'نسرین حسینی', 'nasrin.hosseini156@example.com', 'pass156', '0912000156', 'دزفول، بلوار شهید بهشتی', '2025-05-22 09:25:00'),
(157, 'کامبیز کاظمی', 'kambiz.kazemi157@example.com', 'pass157', '0912000157', 'آبادان، خیابان امام', '2025-05-22 09:30:00'),
(158, 'مهسا مرادی', 'mahsa.moradi158@example.com', 'pass158', '0912000158', 'کرمانشاه، بلوار آزادی', '2025-05-22 09:35:00'),
(159, 'مهران رضایی', 'mehran.rezaei159@example.com', 'pass159', '0912000159', 'بابل، خیابان شهید بهشتی', '2025-05-22 09:40:00'),
(160, 'نگار موسوی', 'negar.mousavi160@example.com', 'pass160', '0912000160', 'نیشابور، کوچه باغ', '2025-05-22 09:45:00'),
(161, 'آرش جوانمرد', 'arash.javanmard161@example.com', 'pass161', '0912000161', 'خرم‌آباد، خیابان گلستان', '2025-05-22 09:50:00'),
(162, 'زهرا فتحی', 'zahra.fathi162@example.com', 'pass162', '0912000162', 'همدان، خیابان مطهری', '2025-05-22 09:55:00'),
(163, 'علی قربانی', 'ali.ghorbani163@example.com', 'pass163', '0912000163', 'کرج، بلوار امام', '2025-05-22 10:00:00'),
(164, 'نرگس حسینی', 'narges.hosseini164@example.com', 'pass164', '0912000164', 'زاهدان، خیابان آزادی', '2025-05-22 10:05:00'),
(165, 'رامین مرادی', 'ramin.moradi165@example.com', 'pass165', '0912000165', 'رشت، میدان شهداء', '2025-05-22 10:10:00'),
(166, 'سارا کریمی', 'sara.karimi166@example.com', 'pass166', '0912000166', 'شیراز، خیابان طالقانی', '2025-05-22 10:15:00'),
(167, 'فرهاد رضایی', 'farhad.rezaei167@example.com', 'pass167', '0912000167', 'تهران، خیابان ولیعصر', '2025-05-22 10:20:00'),
(168, 'مهسا نادری', 'mahsa.naderi168@example.com', 'pass168', '0912000168', 'کرمانشاه، بلوار آزادگان', '2025-05-22 10:25:00'),
(169, 'حمید موسوی', 'hamid.mousavi169@example.com', 'pass169', '0912000169', 'بابل، خیابان مدرس', '2025-05-22 10:30:00'),
(170, 'ندا جعفری', 'neda.jafari170@example.com', 'pass170', '0912000170', 'اراک، کوچه باغ', '2025-05-22 10:35:00'),
(171, 'امیر حسین کاظمی', 'amirhossein.kazemi171@example.com', 'pass171', '0912000171', 'یزد، خیابان انقلاب', '2025-05-22 10:40:00'),
(172, 'مریم احمدی', 'maryam.ahmadi172@example.com', 'pass172', '0912000172', 'قزوین، خیابان سعدی', '2025-05-22 10:45:00'),
(173, 'کامبیز صادقی', 'kambiz.sadeghi173@example.com', 'pass173', '0912000173', 'اهواز، بلوار ساحلی', '2025-05-22 10:50:00'),
(174, 'مهناز رضایی', 'mahnaz.rezaei174@example.com', 'pass174', '0912000174', 'سمنان، خیابان انقلاب', '2025-05-22 10:55:00'),
(175, 'بابک مرادی', 'babak.moradi175@example.com', 'pass175', '0912000175', 'شهرکرد، خیابان ولیعصر', '2025-05-22 11:00:00'),
(176, 'لیلا حسینی', 'lila.hosseini176@example.com', 'pass176', '0912000176', 'کرج، خیابان امام خمینی', '2025-05-22 11:05:00'),
(177, 'مهران نادری', 'mehran.naderi177@example.com', 'pass177', '0912000177', 'زاهدان، بلوار آزادی', '2025-05-22 11:10:00'),
(178, 'سحر موسوی', 'sahar.mousavi178@example.com', 'pass178', '0912000178', 'بندرعباس، خیابان انقلاب', '2025-05-22 11:15:00'),
(179, 'امید کریمی', 'omid.karimi179@example.com', 'pass179', '0912000179', 'ساری، خیابان شهید رجایی', '2025-05-22 11:20:00'),
(180, 'نرگس احمدی', 'narges.ahmadi180@example.com', 'pass180', '0912000180', 'همدان، خیابان انقلاب', '2025-05-22 11:25:00'),
(181, 'رضا جعفری', 'reza.jafari181@example.com', 'pass181', '0912000181', 'کرمان، خیابان ولیعصر', '2025-05-22 11:30:00'),
(182, 'مریم کاظمی', 'maryam.kazemi182@example.com', 'pass182', '0912000182', 'خرم‌آباد، بلوار شهید بهشتی', '2025-05-22 11:35:00'),
(183, 'سعید نادری', 'saeed.naderi183@example.com', 'pass183', '0912000183', 'زنجان، خیابان سعدی', '2025-05-22 11:40:00'),
(184, 'مهسا رضایی', 'mahsa.rezaei184@example.com', 'pass184', '0912000184', 'ارومیه، خیابان آزادی', '2025-05-22 11:45:00'),
(185, 'کامران حسینی', 'kamran.hosseini185@example.com', 'pass185', '0912000185', 'رشت، خیابان امام خمینی', '2025-05-22 11:50:00'),
(186, 'ندا مرادی', 'neda.moradi186@example.com', 'pass186', '0912000186', 'تبریز، بلوار ساحلی', '2025-05-22 11:55:00'),
(187, 'سارا جعفری', 'sara.jafari187@example.com', 'pass187', '0912000187', 'خرمشهر، خیابان امام', '2025-05-22 12:00:00'),
(188, 'میلاد کریمی', 'milad.karimi188@example.com', 'pass188', '0912000188', 'آمل، خیابان ولیعصر', '2025-05-22 12:05:00'),
(189, 'مهدی احمدی', 'mahdi.ahmadi189@example.com', 'pass189', '0912000189', 'بیرجند، خیابان انقلاب', '2025-05-22 12:10:00'),
(190, 'سپیده موسوی', 'sepideh.mousavi190@example.com', 'pass190', '0912000190', 'خرم‌آباد، خیابان طالقانی', '2025-05-22 12:15:00'),
(191, 'حسین رضایی', 'hossein.rezaei191@example.com', 'pass191', '0912000191', 'کرمانشاه، بلوار آزادی', '2025-05-22 12:20:00'),
(192, 'نگین نادری', 'negin.naderi192@example.com', 'pass192', '0912000192', 'سمنان، خیابان امام', '2025-05-22 12:25:00'),
(193, 'کاوه جعفری', 'kaveh.jafari193@example.com', 'pass193', '0912000193', 'یزد، خیابان ولیعصر', '2025-05-22 12:30:00'),
(194, 'فریده حسینی', 'farideh.hosseini194@example.com', 'pass194', '0912000194', 'کرج، خیابان انقلاب', '2025-05-22 12:35:00'),
(195, 'مهدیه موسوی', 'mahdieh.mousavi195@example.com', 'pass195', '0912000195', 'رشت، بلوار امام', '2025-05-22 12:40:00'),
(196, 'امیر نادری', 'amir.naderi196@example.com', 'pass196', '0912000196', 'شیراز، خیابان طالقانی', '2025-05-22 12:45:00'),
(197, 'سحر رضایی', 'sahar.rezaei197@example.com', 'pass197', '0912000197', 'بندرعباس، خیابان ولیعصر', '2025-05-22 12:50:00'),
(198, 'مهشاد کریمی', 'mahshad.karimi198@example.com', 'pass198', '0912000198', 'اهواز، بلوار انقلاب', '2025-05-22 12:55:00'),
(199, 'بهزاد احمدی', 'behzad.ahmadi199@example.com', 'pass199', '0912000199', 'اراک، خیابان امام', '2025-05-22 13:00:00'),
(200, 'مینا جعفری', 'mina.jafari200@example.com', 'pass200', '0912000200', 'قزوین، خیابان ولیعصر', '2025-05-22 13:05:00'),
(201, 'کاوه طاهری', 'kaveh.taheri201@example.com', 'pass201', '0912000201', 'مشهد، خیابان امام رضا', '2025-05-22 13:10:00'),
(202, 'الهام غلامی', 'elham.gholami202@example.com', 'pass202', '0912000202', 'اصفهان، خیابان چهار باغ', '2025-05-22 13:15:00'),
(203, 'سعید یوسفی', 'saeed.yousefi203@example.com', 'pass203', '0912000203', 'تبریز، خیابان جمهوری', '2025-05-22 13:20:00'),
(204, 'مریم رستمی', 'maryam.rostami204@example.com', 'pass204', '0912000204', 'شیراز، خیابان زند', '2025-05-22 13:25:00'),
(205, 'حسین حسینی', 'hossein.hosseini205@example.com', 'pass205', '0912000205', 'کرج، بلوار امام', '2025-05-22 13:30:00'),
(206, 'سارا محمدی', 'sara.mohammadi206@example.com', 'pass206', '0912000206', 'قم، خیابان فاطمی', '2025-05-22 13:35:00'),
(207, 'امیر علیزاده', 'amir.alizadeh207@example.com', 'pass207', '0912000207', 'کرمان، خیابان مدرس', '2025-05-22 13:40:00'),
(208, 'مهناز نیک‌روش', 'mahnaz.nikrosh208@example.com', 'pass208', '0912000208', 'زنجان، خیابان آیت‌الله', '2025-05-22 13:45:00'),
(209, 'رامین فرهادی', 'ramin.farhadi209@example.com', 'pass209', '0912000209', 'اراک، خیابان شهید رجایی', '2025-05-22 13:50:00'),
(210, 'نرگس کریمی', 'narges.karimi210@example.com', 'pass210', '0912000210', 'سنندج، خیابان آزادی', '2025-05-22 13:55:00'),
(211, 'حسن زمانی', 'hasan.zamani211@example.com', 'pass211', '0912000211', 'ارومیه، بلوار شهید بهشتی', '2025-05-22 14:00:00'),
(212, 'لیلا جعفری', 'lila.jafari212@example.com', 'pass212', '0912000212', 'بندرعباس، خیابان امام', '2025-05-22 14:05:00'),
(213, 'فرهاد غلامی', 'farhad.gholami213@example.com', 'pass213', '0912000213', 'خرم‌آباد، خیابان انقلاب', '2025-05-22 14:10:00'),
(214, 'مریم رضایی', 'maryam.rezaei214@example.com', 'pass214', '0912000214', 'کرمانشاه، بلوار آزادی', '2025-05-22 14:15:00'),
(215, 'بابک موسوی', 'babak.mousavi215@example.com', 'pass215', '0912000215', 'همدان، خیابان مدرس', '2025-05-22 14:20:00'),
(216, 'سحر احمدی', 'sahar.ahmadi216@example.com', 'pass216', '0912000216', 'رشت، خیابان طالقانی', '2025-05-22 14:25:00'),
(217, 'امیر حسین نادری', 'amirhossein.naderi217@example.com', 'pass217', '0912000217', 'تهران، خیابان ولیعصر', '2025-05-22 14:30:00'),
(218, 'نگار کریمی', 'negar.karimi218@example.com', 'pass218', '0912000218', 'یزد، خیابان انقلاب', '2025-05-22 14:35:00'),
(219, 'میلاد صادقی', 'milad.sadeghi219@example.com', 'pass219', '0912000219', 'اراک، خیابان امام خمینی', '2025-05-22 14:40:00'),
(220, 'نازنین رضایی', 'nazanin.rezaei220@example.com', 'pass220', '0912000220', 'زاهدان، خیابان طالقانی', '2025-05-22 14:45:00'),
(221, 'حامد مرادی', 'hamed.moradi221@example.com', 'pass221', '0912000221', 'مشهد، خیابان امام رضا', '2025-05-22 14:50:00'),
(222, 'فاطمه نادری', 'fatemeh.naderi222@example.com', 'pass222', '0912000222', 'کرج، بلوار انقلاب', '2025-05-22 14:55:00'),
(223, 'کامران محمدی', 'kamran.mohammadi223@example.com', 'pass223', '0912000223', 'بابل، خیابان شهید بهشتی', '2025-05-22 15:00:00'),
(224, 'سارا حسینی', 'sara.hosseini224@example.com', 'pass224', '0912000224', 'اهواز، خیابان آزادی', '2025-05-22 15:05:00'),
(225, 'علی جعفری', 'ali.jafari225@example.com', 'pass225', '0912000225', 'شیراز، خیابان طالقانی', '2025-05-22 15:10:00'),
(226, 'مهسا رضایی', 'mahsa.rezaei226@example.com', 'pass226', '0912000226', 'تبریز، خیابان جمهوری', '2025-05-22 15:15:00'),
(227, 'رضا موسوی', 'reza.mousavi227@example.com', 'pass227', '0912000227', 'رشت، بلوار امام', '2025-05-22 15:20:00'),
(228, 'مریم کاظمی', 'maryam.kazemi228@example.com', 'pass228', '0912000228', 'زنجان، خیابان انقلاب', '2025-05-22 15:25:00'),
(229, 'امید نادری', 'omid.naderi229@example.com', 'pass229', '0912000229', 'سمنان، خیابان ولیعصر', '2025-05-22 15:30:00'),
(230, 'نگین جعفری', 'negin.jafari230@example.com', 'pass230', '0912000230', 'قزوین، خیابان مدرس', '2025-05-22 15:35:00'),
(231, 'سعید رضایی', 'saeed.rezaei231@example.com', 'pass231', '0912000231', 'کرمان، خیابان امام', '2025-05-22 15:40:00'),
(232, 'لیلا موسوی', 'lila.mousavi232@example.com', 'pass232', '0912000232', 'همدان، بلوار انقلاب', '2025-05-22 15:45:00'),
(233, 'امیر کریمی', 'amir.karimi233@example.com', 'pass233', '0912000233', 'خرم‌آباد، خیابان طالقانی', '2025-05-22 15:50:00'),
(234, 'مهدیه احمدی', 'mahdiyeh.ahmadi234@example.com', 'pass234', '0912000234', 'بندرعباس، خیابان ولیعصر', '2025-05-22 15:55:00'),
(235, 'سحر نادری', 'sahar.naderi235@example.com', 'pass235', '0912000235', 'یزد، خیابان انقلاب', '2025-05-22 16:00:00'),
(236, 'میلاد جعفری', 'milad.jafari236@example.com', 'pass236', '0912000236', 'اراک، بلوار شهید بهشتی', '2025-05-22 16:05:00'),
(237, 'فاطمه رضایی', 'fatemeh.rezaei237@example.com', 'pass237', '0912000237', 'تهران، خیابان ولیعصر', '2025-05-22 16:10:00'),
(238, 'علی موسوی', 'ali.mousavi238@example.com', 'pass238', '0912000238', 'کرج، خیابان انقلاب', '2025-05-22 16:15:00'),
(239, 'مهسا کریمی', 'mahsa.karimi239@example.com', 'pass239', '0912000239', 'کرمانشاه، بلوار آزادی', '2025-05-22 16:20:00'),
(240, 'رضا نادری', 'reza.naderi240@example.com', 'pass240', '0912000240', 'رشت، خیابان امام خمینی', '2025-05-22 16:25:00'),
(241, 'ندا جعفری', 'neda.jafari241@example.com', 'pass241', '0912000241', 'شیراز، خیابان طالقانی', '2025-05-22 16:30:00'),
(242, 'فرهاد احمدی', 'farhad.ahmadi242@example.com', 'pass242', '0912000242', 'مشهد، خیابان امام رضا', '2025-05-22 16:35:00'),
(243, 'مینا رضایی', 'mina.rezaei243@example.com', 'pass243', '0912000243', 'تبریز، خیابان آزادی', '2025-05-22 16:40:00'),
(244, 'حمید حسینی', 'hamid.hosseini244@example.com', 'pass244', '0912000244', 'کرج، بلوار مدرس', '2025-05-22 16:45:00'),
(245, 'رها محمدی', 'raha.mohammadi245@example.com', 'pass245', '0912000245', 'اصفهان، خیابان چهارباغ', '2025-05-22 16:50:00'),
(246, 'ایمان نادری', 'iman.naderi246@example.com', 'pass246', '0912000246', 'زنجان، خیابان انقلاب', '2025-05-22 16:55:00'),
(247, 'شقایق کریمی', 'shaghayegh.karimi247@example.com', 'pass247', '0912000247', 'بندرعباس، خیابان ولیعصر', '2025-05-22 17:00:00'),
(248, 'مجید جعفری', 'majid.jafari248@example.com', 'pass248', '0912000248', 'سمنان، خیابان مدرس', '2025-05-22 17:05:00'),
(249, 'نگین رضایی', 'negin.rezaei249@example.com', 'pass249', '0912000249', 'کرمان، خیابان امام', '2025-05-22 17:10:00'),
(250, 'پارسا موسوی', 'parsa.mousavi250@example.com', 'pass250', '0912000250', 'همدان، خیابان انقلاب', '2025-05-22 17:15:00'),
(251, 'مژگان احمدی', 'mojgan.ahmadi251@example.com', 'pass251', '0912000251', 'اراک، بلوار شهید بهشتی', '2025-05-22 17:20:00'),
(252, 'شهاب رضایی', 'shahab.rezaei252@example.com', 'pass252', '0912000252', 'یزد، خیابان ولیعصر', '2025-05-22 17:25:00'),
(253, 'فاطمه کاظمی', 'fatemeh.kazemi253@example.com', 'pass253', '0912000253', 'کرمانشاه، خیابان آزادی', '2025-05-22 17:30:00'),
(254, 'آرش نادری', 'arash.naderi254@example.com', 'pass254', '0912000254', 'رشت، خیابان امام خمینی', '2025-05-22 17:35:00'),
(255, 'مژده کریمی', 'mojdeh.karimi255@example.com', 'pass255', '0912000255', 'مشهد، خیابان امام رضا', '2025-05-22 17:40:00'),
(256, 'مجتبی رضایی', 'mojtaba.rezaei256@example.com', 'pass256', '0912000256', 'تهران، خیابان ولیعصر', '2025-05-22 17:45:00'),
(257, 'سارا موسوی', 'sara.mousavi257@example.com', 'pass257', '0912000257', 'قم، خیابان فاطمی', '2025-05-22 17:50:00'),
(258, 'علی احمدی', 'ali.ahmadi258@example.com', 'pass258', '0912000258', 'بندرعباس، خیابان ولیعصر', '2025-05-22 17:55:00'),
(259, 'ناهید نادری', 'nahid.naderi259@example.com', 'pass259', '0912000259', 'ساری، خیابان مدرس', '2025-05-22 18:00:00'),
(260, 'کامران جعفری', 'kamran.jafari260@example.com', 'pass260', '0912000260', 'شیراز، خیابان زند', '2025-05-22 18:05:00'),
(261, 'شیرین رضایی', 'shirin.rezaei261@example.com', 'pass261', '0912000261', 'تبریز، خیابان جمهوری', '2025-05-22 18:10:00'),
(262, 'امین حسینی', 'amin.hosseini262@example.com', 'pass262', '0912000262', 'کرج، بلوار مدرس', '2025-05-22 18:15:00'),
(263, 'نسترن محمدی', 'nastaran.mohammadi263@example.com', 'pass263', '0912000263', 'اهواز، خیابان آزادی', '2025-05-22 18:20:00'),
(264, 'مهدی نادری', 'mahdi.naderi264@example.com', 'pass264', '0912000264', 'ارومیه، خیابان امام', '2025-05-22 18:25:00'),
(265, 'الهام کاظمی', 'elham.kazemi265@example.com', 'pass265', '0912000265', 'کرمانشاه، بلوار آزادی', '2025-05-22 18:30:00'),
(266, 'پریسا رضایی', 'parisa.rezaei266@example.com', 'pass266', '0912000266', 'مشهد، خیابان امام رضا', '2025-05-22 18:35:00'),
(267, 'سید رضا موسوی', 'seyedreza.mousavi267@example.com', 'pass267', '0912000267', 'رشت، بلوار امام', '2025-05-22 18:40:00'),
(268, 'مریم جعفری', 'maryam.jafari268@example.com', 'pass268', '0912000268', 'زاهدان، خیابان طالقانی', '2025-05-22 18:45:00'),
(269, 'سامان احمدی', 'saman.ahmadi269@example.com', 'pass269', '0912000269', 'قزوین، خیابان مدرس', '2025-05-22 18:50:00'),
(270, 'لاله نادری', 'laleh.naderi270@example.com', 'pass270', '0912000270', 'اراک، خیابان شهید بهشتی', '2025-05-22 18:55:00'),
(271, 'بابک رضایی', 'babak.rezaei271@example.com', 'pass271', '0912000271', 'سنندج، خیابان آزادی', '2025-05-22 19:00:00'),
(272, 'مینا کریمی', 'mina.karimi272@example.com', 'pass272', '0912000272', 'خرم‌آباد، خیابان انقلاب', '2025-05-22 19:05:00'),
(273, 'علیرضا نادری', 'alireza.naderi273@example.com', 'pass273', '0912000273', 'بابل، خیابان شهید بهشتی', '2025-05-22 19:10:00'),
(274, 'بهاره رضایی', 'bahareh.rezaei274@example.com', 'pass274', '0912000274', 'ارومیه، خیابان امام', '2025-05-22 19:15:00'),
(275, 'پروین حسینی', 'parvin.hosseini275@example.com', 'pass275', '0912000275', 'شیراز، خیابان زند', '2025-05-22 19:20:00'),
(276, 'امیر نادری', 'amir.naderi276@example.com', 'pass276', '0912000276', 'مشهد، خیابان امام رضا', '2025-05-22 19:25:00'),
(277, 'نیلوفر کریمی', 'niloufar.karimi277@example.com', 'pass277', '0912000277', 'تهران، خیابان ولیعصر', '2025-05-22 19:30:00'),
(278, 'مهدیه رضایی', 'mahdiyeh.rezaei278@example.com', 'pass278', '0912000278', 'کرج، بلوار انقلاب', '2025-05-22 19:35:00'),
(279, 'وحید موسوی', 'vahid.mousavi279@example.com', 'pass279', '0912000279', 'زنجان، خیابان انقلاب', '2025-05-22 19:40:00'),
(280, 'لیلا احمدی', 'lila.ahmadi280@example.com', 'pass280', '0912000280', 'قم، خیابان فاطمی', '2025-05-22 19:45:00'),
(26, 'asdasd', 'imansadeghi183@gmail.com', '$2y$10$akA2P5sXAWM54FqRYgjx2eua7MWfwdzE2RyZfNtLFgDL6hpOAc0..', '09128070115', 'asdfsd', '2025-05-10 18:12:08');

--
-- Indexes for dumped tables
--

--
-- Indexes for table `cart`
--
ALTER TABLE `cart`
  ADD PRIMARY KEY (`id`),
  ADD KEY `user_id` (`user_id`),
  ADD KEY `food_id` (`food_id`);

--
-- Indexes for table `comments`
--
ALTER TABLE `comments`
  ADD PRIMARY KEY (`id`),
  ADD KEY `food_id` (`food_id`),
  ADD KEY `user_id` (`user_id`);

--
-- Indexes for table `foods`
--
ALTER TABLE `foods`
  ADD PRIMARY KEY (`id`);

--
-- Indexes for table `orders`
--
ALTER TABLE `orders`
  ADD PRIMARY KEY (`id`),
  ADD KEY `user_id` (`user_id`);

--
-- Indexes for table `order_items`
--
ALTER TABLE `order_items`
  ADD PRIMARY KEY (`id`);

--
-- Indexes for table `users`
--
ALTER TABLE `users`
  ADD PRIMARY KEY (`phone`) USING BTREE,
  ADD UNIQUE KEY `email` (`email`),
  ADD UNIQUE KEY `id` (`id`) USING BTREE;

--
-- AUTO_INCREMENT for dumped tables
--

--
-- AUTO_INCREMENT for table `cart`
--
ALTER TABLE `cart`
  MODIFY `id` int(11) NOT NULL AUTO_INCREMENT;

--
-- AUTO_INCREMENT for table `comments`
--
ALTER TABLE `comments`
  MODIFY `id` int(11) NOT NULL AUTO_INCREMENT, AUTO_INCREMENT=191;

--
-- AUTO_INCREMENT for table `foods`
--
ALTER TABLE `foods`
  MODIFY `id` int(11) NOT NULL AUTO_INCREMENT, AUTO_INCREMENT=45;

--
-- AUTO_INCREMENT for table `orders`
--
ALTER TABLE `orders`
  MODIFY `id` int(11) NOT NULL AUTO_INCREMENT, AUTO_INCREMENT=3;

--
-- AUTO_INCREMENT for table `order_items`
--
ALTER TABLE `order_items`
  MODIFY `id` int(11) NOT NULL AUTO_INCREMENT, AUTO_INCREMENT=8;

--
-- AUTO_INCREMENT for table `users`
--
ALTER TABLE `users`
  MODIFY `id` int(11) NOT NULL AUTO_INCREMENT, AUTO_INCREMENT=281;

--
-- Constraints for dumped tables
--

--
-- Constraints for table `cart`
--
ALTER TABLE `cart`
  ADD CONSTRAINT `cart_ibfk_1` FOREIGN KEY (`user_id`) REFERENCES `users` (`id`) ON DELETE CASCADE,
  ADD CONSTRAINT `cart_ibfk_2` FOREIGN KEY (`food_id`) REFERENCES `foods` (`id`) ON DELETE CASCADE;

--
-- Constraints for table `comments`
--
ALTER TABLE `comments`
  ADD CONSTRAINT `comments_ibfk_1` FOREIGN KEY (`food_id`) REFERENCES `foods` (`id`),
  ADD CONSTRAINT `comments_ibfk_2` FOREIGN KEY (`user_id`) REFERENCES `users` (`id`);

--
-- Constraints for table `orders`
--
ALTER TABLE `orders`
  ADD CONSTRAINT `orders_ibfk_1` FOREIGN KEY (`user_id`) REFERENCES `users` (`id`);
COMMIT;

/*!40101 SET CHARACTER_SET_CLIENT=@OLD_CHARACTER_SET_CLIENT */;
/*!40101 SET CHARACTER_SET_RESULTS=@OLD_CHARACTER_SET_RESULTS */;
/*!40101 SET COLLATION_CONNECTION=@OLD_COLLATION_CONNECTION */;
